Use Production;

-- Populate table Suppliers

INSERT INTO Suppliers(supplierid, companyname, contactname, contacttitle, address, city, region, postalcode, country, phone, fax)
  VALUES(1, N'Supplier SWRXU', N'Adams, Terry', N'Purchasing Manager', N'2345 Gilbert St.', N'London', NULL, N'10023', N'UK', N'(171) 456-7890', NULL);
INSERT INTO Suppliers(supplierid, companyname, contactname, contacttitle, address, city, region, postalcode, country, phone, fax)
  VALUES(2, N'Supplier VHQZD', N'Hance, Jim', N'Order Administrator', N'P.O. Box 5678', N'New Orleans', N'LA', N'10013', N'USA', N'(100) 555-0111', NULL);
INSERT INTO Suppliers(supplierid, companyname, contactname, contacttitle, address, city, region, postalcode, country, phone, fax)
  VALUES(3, N'Supplier STUAZ', N'Parovszky, Alfons', N'Sales Representative', N'1234 Oxford Rd.', N'Ann Arbor', N'MI', N'10026', N'USA', N'(313) 555-0109', N'(313) 555-0112');
INSERT INTO Suppliers(supplierid, companyname, contactname, contacttitle, address, city, region, postalcode, country, phone, fax)
  VALUES(4, N'Supplier QOVFD', N'Balázs, Erzsébet', N'Marketing Manager', N'7890 Sekimai Musashino-shi', N'Tokyo', NULL, N'10011', N'Japan', N'(03) 6789-0123', NULL);
INSERT INTO Suppliers(supplierid, companyname, contactname, contacttitle, address, city, region, postalcode, country, phone, fax)
  VALUES(5, N'Supplier EQPNC', N'Hofmann, Roland', N'Export Administrator', N'Calle del Rosal 4567', N'Oviedo', N'Asturias', N'10029', N'Spain', N'(98) 123 45 67', NULL);
INSERT INTO Suppliers(supplierid, companyname, contactname, contacttitle, address, city, region, postalcode, country, phone, fax)
  VALUES(6, N'Supplier QWUSF', N'Popkova, Darya', N'Marketing Representative', N'8901 Setsuko Chuo-ku', N'Osaka', NULL, N'10028', N'Japan', N'(06) 789-0123', NULL);
INSERT INTO Suppliers(supplierid, companyname, contactname, contacttitle, address, city, region, postalcode, country, phone, fax)
  VALUES(7, N'Supplier GQRCV', N'Herp, Jesper', N'Marketing Manager', N'5678 Rose St. Moonie Ponds', N'Melbourne', N'Victoria', N'10018', N'Australia', N'(03) 123-4567', N'(03) 456-7890');
INSERT INTO Suppliers(supplierid, companyname, contactname, contacttitle, address, city, region, postalcode, country, phone, fax)
  VALUES(8, N'Supplier BWGYE', N'Iallo, Lucio', N'Sales Representative', N'9012 King''s Way', N'Manchester', NULL, N'10021', N'UK', N'(161) 567-8901', NULL);
INSERT INTO Suppliers(supplierid, companyname, contactname, contacttitle, address, city, region, postalcode, country, phone, fax)
  VALUES(9, N'Supplier QQYEU', N'Basalik, Evan', N'Sales Agent', N'Kaloadagatan 4567', N'Göteborg', NULL, N'10022', N'Sweden', N'031-345 67 89', N'031-678 90 12');
INSERT INTO Suppliers(supplierid, companyname, contactname, contacttitle, address, city, region, postalcode, country, phone, fax)
  VALUES(10, N'Supplier UNAHG', N'Barnett, Dave', N'Marketing Manager', N'Av. das Americanas 2345', N'Sao Paulo', NULL, N'10034', N'Brazil', N'(11) 345 6789', NULL);
INSERT INTO Suppliers(supplierid, companyname, contactname, contacttitle, address, city, region, postalcode, country, phone, fax)
  VALUES(11, N'Supplier ZPYVS', N'Jain, Mukesh', N'Sales Manager', N'Tiergartenstraße 3456', N'Berlin', NULL, N'10016', N'Germany', N'(010) 3456789', NULL);
INSERT INTO Suppliers(supplierid, companyname, contactname, contacttitle, address, city, region, postalcode, country, phone, fax)
  VALUES(12, N'Supplier SVIYA', N'Reagan, April', N'International Marketing Mgr.', N'Bogenallee 9012', N'Frankfurt', NULL, N'10024', N'Germany', N'(069) 234567', NULL);
INSERT INTO Suppliers(supplierid, companyname, contactname, contacttitle, address, city, region, postalcode, country, phone, fax)
  VALUES(13, N'Supplier TEGSC', N'Brehm, Peter', N'Coordinator Foreign Markets', N'Frahmredder 3456', N'Cuxhaven', NULL, N'10019', N'Germany', N'(04721) 1234', N'(04721) 2345');
INSERT INTO Suppliers(supplierid, companyname, contactname, contacttitle, address, city, region, postalcode, country, phone, fax)
  VALUES(14, N'Supplier KEREV', N'Keil, Kendall', N'Sales Representative', N'Viale Dante, 6789', N'Ravenna', NULL, N'10015', N'Italy', N'(0544) 56789', N'(0544) 34567');
INSERT INTO Suppliers(supplierid, companyname, contactname, contacttitle, address, city, region, postalcode, country, phone, fax)
  VALUES(15, N'Supplier NZLIF', N'Sałas-Szlejter, Karolina', N'Marketing Manager', N'Hatlevegen 1234', N'Sandvika', NULL, N'10025', N'Norway', N'(0)9-012345', NULL);
INSERT INTO Suppliers(supplierid, companyname, contactname, contacttitle, address, city, region, postalcode, country, phone, fax)
  VALUES(16, N'Supplier UHZRG', N'Scholl, Thorsten', N'Regional Account Rep.', N'8901 - 8th Avenue Suite 210', N'Bend', N'OR', N'10035', N'USA', N'(503) 555-0108', NULL);
INSERT INTO Suppliers(supplierid, companyname, contactname, contacttitle, address, city, region, postalcode, country, phone, fax)
  VALUES(17, N'Supplier QZGUF', N'Kleinerman, Christian', N'Sales Representative', N'Brovallavägen 0123', N'Stockholm', NULL, N'10033', N'Sweden', N'08-234 56 78', NULL);
INSERT INTO Suppliers(supplierid, companyname, contactname, contacttitle, address, city, region, postalcode, country, phone, fax)
  VALUES(18, N'Supplier LVJUA', N'Canel, Fabrice', N'Sales Manager', N'3456, Rue des Francs-Bourgeois', N'Paris', NULL, N'10031', N'France', N'(1) 90.12.34.56', N'(1) 01.23.45.67');
INSERT INTO Suppliers(supplierid, companyname, contactname, contacttitle, address, city, region, postalcode, country, phone, fax)
  VALUES(19, N'Supplier JDNUG', N'Chapman, Greg', N'Wholesale Account Agent', N'Order Processing Dept. 7890 Paul Revere Blvd.', N'Boston', N'MA', N'10027', N'USA', N'(617) 555-0110', N'(617) 555-0113');
INSERT INTO Suppliers(supplierid, companyname, contactname, contacttitle, address, city, region, postalcode, country, phone, fax)
  VALUES(20, N'Supplier CIYNM', N'Koch, Christine', N'Owner', N'6789 Serangoon Loop, Suite #402', N'Singapore', NULL, N'10037', N'Singapore', N'012-3456', NULL);
INSERT INTO Suppliers(supplierid, companyname, contactname, contacttitle, address, city, region, postalcode, country, phone, fax)
  VALUES(21, N'Supplier XOXZA', N'Shakespear, Paul', N'Sales Manager', N'Lyngbysild Fiskebakken 9012', N'Lyngby', NULL, N'10012', N'Denmark', N'67890123', N'78901234');
INSERT INTO Suppliers(supplierid, companyname, contactname, contacttitle, address, city, region, postalcode, country, phone, fax)
  VALUES(22, N'Supplier FNUXM', N'Skelly, Bonnie L.', N'Accounting Manager', N'Verkoop Rijnweg 8901', N'Zaandam', NULL, N'10014', N'Netherlands', N'(12345) 8901', N'(12345) 5678');
INSERT INTO Suppliers(supplierid, companyname, contactname, contacttitle, address, city, region, postalcode, country, phone, fax)
  VALUES(23, N'Supplier ELCRN', N'Lamb, Karin', N'Product Manager', N'Valtakatu 1234', N'Lappeenranta', NULL, N'10032', N'Finland', N'(953) 78901', NULL);
INSERT INTO Suppliers(supplierid, companyname, contactname, contacttitle, address, city, region, postalcode, country, phone, fax)
  VALUES(24, N'Supplier JNNES', N'Clarkson, John', N'Sales Representative', N'6789 Prince Edward Parade Hunter''s Hill', N'Sydney', N'NSW', N'10030', N'Australia', N'(02) 234-5678', N'(02) 567-8901');
INSERT INTO Suppliers(supplierid, companyname, contactname, contacttitle, address, city, region, postalcode, country, phone, fax)
  VALUES(25, N'Supplier ERVYZ', N'Sprenger, Christof', N'Marketing Manager', N'7890 Rue St. Laurent', N'Montréal', N'Québec', N'10017', N'Canada', N'(514) 456-7890', NULL);
INSERT INTO Suppliers(supplierid, companyname, contactname, contacttitle, address, city, region, postalcode, country, phone, fax)
  VALUES(26, N'Supplier ZWZDM', N'Cunha, Gonçalo', N'Order Administrator', N'Via dei Gelsomini, 5678', N'Salerno', NULL, N'10020', N'Italy', N'(089) 4567890', N'(089) 4567890');
INSERT INTO Suppliers(supplierid, companyname, contactname, contacttitle, address, city, region, postalcode, country, phone, fax)
  VALUES(27, N'Supplier ZRYDZ', N'Paturskis, Leonids', N'Sales Manager', N'4567, rue H. Voiron', N'Montceau', NULL, N'10036', N'France', N'89.01.23.45', NULL);
INSERT INTO Suppliers(supplierid, companyname, contactname, contacttitle, address, city, region, postalcode, country, phone, fax)
  VALUES(28, N'Supplier OAVQT', N'Teper, Jeff', N'Sales Representative', N'Bat. B 2345, rue des Alpes', N'Annecy', NULL, N'10010', N'France', N'01.23.45.67', N'89.01.23.45');
INSERT INTO Suppliers(supplierid, companyname, contactname, contacttitle, address, city, region, postalcode, country, phone, fax)
  VALUES(29, N'Supplier OGLRK', N'Walters, Rob', N'Accounting Manager', N'0123 rue Chasseur', N'Ste-Hyacinthe', N'Québec', N'10009', N'Canada', N'(514) 567-890', N'(514) 678-9012');


-- Populate table Categories

INSERT INTO Categories(categoryid, categoryname, description)
  VALUES(1, N'Beverages', N'Soft drinks, coffees, teas, beers, and ales');
INSERT INTO Categories(categoryid, categoryname, description)
  VALUES(2, N'Condiments', N'Sweet and savory sauces, relishes, spreads, and seasonings');
INSERT INTO Categories(categoryid, categoryname, description)
  VALUES(3, N'Confections', N'Desserts, candies, and sweet breads');
INSERT INTO Categories(categoryid, categoryname, description)
  VALUES(4, N'Dairy Products', N'Cheeses');
INSERT INTO Categories(categoryid, categoryname, description)
  VALUES(5, N'Grains/Cereals', N'Breads, crackers, pasta, and cereal');
INSERT INTO Categories(categoryid, categoryname, description)
  VALUES(6, N'Meat/Poultry', N'Prepared meats');
INSERT INTO Categories(categoryid, categoryname, description)
  VALUES(7, N'Produce', N'Dried fruit and bean curd');
INSERT INTO Categories(categoryid, categoryname, description)
  VALUES(8, N'Seafood', N'Seaweed and fish');


-- Populate table Products

INSERT INTO Products(productid, productname, supplierid, categoryid, unitprice, discontinued)
  VALUES(1, N'Product HHYDP', 1, 1, 18.00, 0);
INSERT INTO Products(productid, productname, supplierid, categoryid, unitprice, discontinued)
  VALUES(2, N'Product RECZE', 1, 1, 19.00, 0);
INSERT INTO Products(productid, productname, supplierid, categoryid, unitprice, discontinued)
  VALUES(3, N'Product IMEHJ', 1, 2, 10.00, 0);
INSERT INTO Products(productid, productname, supplierid, categoryid, unitprice, discontinued)
  VALUES(4, N'Product KSBRM', 2, 2, 22.00, 0);
INSERT INTO Products(productid, productname, supplierid, categoryid, unitprice, discontinued)
  VALUES(5, N'Product EPEIM', 2, 2, 21.35, 1);
INSERT INTO Products(productid, productname, supplierid, categoryid, unitprice, discontinued)
  VALUES(6, N'Product VAIIV', 3, 2, 25.00, 0);
INSERT INTO Products(productid, productname, supplierid, categoryid, unitprice, discontinued)
  VALUES(7, N'Product HMLNI', 3, 7, 30.00, 0);
INSERT INTO Products(productid, productname, supplierid, categoryid, unitprice, discontinued)
  VALUES(8, N'Product WVJFP', 3, 2, 40.00, 0);
INSERT INTO Products(productid, productname, supplierid, categoryid, unitprice, discontinued)
  VALUES(9, N'Product AOZBW', 4, 6, 97.00, 1);
INSERT INTO Products(productid, productname, supplierid, categoryid, unitprice, discontinued)
  VALUES(10, N'Product YHXGE', 4, 8, 31.00, 0);
INSERT INTO Products(productid, productname, supplierid, categoryid, unitprice, discontinued)
  VALUES(11, N'Product QMVUN', 5, 4, 21.00, 0);
INSERT INTO Products(productid, productname, supplierid, categoryid, unitprice, discontinued)
  VALUES(12, N'Product OSFNS', 5, 4, 38.00, 0);
INSERT INTO Products(productid, productname, supplierid, categoryid, unitprice, discontinued)
  VALUES(13, N'Product POXFU', 6, 8, 6.00, 0);
INSERT INTO Products(productid, productname, supplierid, categoryid, unitprice, discontinued)
  VALUES(14, N'Product PWCJB', 6, 7, 23.25, 0);
INSERT INTO Products(productid, productname, supplierid, categoryid, unitprice, discontinued)
  VALUES(15, N'Product KSZOI', 6, 2, 15.50, 0);
INSERT INTO Products(productid, productname, supplierid, categoryid, unitprice, discontinued)
  VALUES(16, N'Product PAFRH', 7, 3, 17.45, 0);
INSERT INTO Products(productid, productname, supplierid, categoryid, unitprice, discontinued)
  VALUES(17, N'Product BLCAX', 7, 6, 39.00, 1);
INSERT INTO Products(productid, productname, supplierid, categoryid, unitprice, discontinued)
  VALUES(18, N'Product CKEDC', 7, 8, 62.50, 0);
INSERT INTO Products(productid, productname, supplierid, categoryid, unitprice, discontinued)
  VALUES(19, N'Product XKXDO', 8, 3, 9.20, 0);
INSERT INTO Products(productid, productname, supplierid, categoryid, unitprice, discontinued)
  VALUES(20, N'Product QHFFP', 8, 3, 81.00, 0);
INSERT INTO Products(productid, productname, supplierid, categoryid, unitprice, discontinued)
  VALUES(21, N'Product VJZZH', 8, 3, 10.00, 0);
INSERT INTO Products(productid, productname, supplierid, categoryid, unitprice, discontinued)
  VALUES(22, N'Product CPHFY', 9, 5, 21.00, 0);
INSERT INTO Products(productid, productname, supplierid, categoryid, unitprice, discontinued)
  VALUES(23, N'Product JLUDZ', 9, 5, 9.00, 0);
INSERT INTO Products(productid, productname, supplierid, categoryid, unitprice, discontinued)
  VALUES(24, N'Product QOGNU', 10, 1, 4.50, 1);
INSERT INTO Products(productid, productname, supplierid, categoryid, unitprice, discontinued)
  VALUES(25, N'Product LYLNI', 11, 3, 14.00, 0);
INSERT INTO Products(productid, productname, supplierid, categoryid, unitprice, discontinued)
  VALUES(26, N'Product HLGZA', 11, 3, 31.23, 0);
INSERT INTO Products(productid, productname, supplierid, categoryid, unitprice, discontinued)
  VALUES(27, N'Product SMIOH', 11, 3, 43.90, 0);
INSERT INTO Products(productid, productname, supplierid, categoryid, unitprice, discontinued)
  VALUES(28, N'Product OFBNT', 12, 7, 45.60, 1);
INSERT INTO Products(productid, productname, supplierid, categoryid, unitprice, discontinued)
  VALUES(29, N'Product VJXYN', 12, 6, 123.79, 1);
INSERT INTO Products(productid, productname, supplierid, categoryid, unitprice, discontinued)
  VALUES(30, N'Product LYERX', 13, 8, 25.89, 0);
INSERT INTO Products(productid, productname, supplierid, categoryid, unitprice, discontinued)
  VALUES(31, N'Product XWOXC', 14, 4, 12.50, 0);
INSERT INTO Products(productid, productname, supplierid, categoryid, unitprice, discontinued)
  VALUES(32, N'Product NUNAW', 14, 4, 32.00, 0);
INSERT INTO Products(productid, productname, supplierid, categoryid, unitprice, discontinued)
  VALUES(33, N'Product ASTMN', 15, 4, 2.50, 0);
INSERT INTO Products(productid, productname, supplierid, categoryid, unitprice, discontinued)
  VALUES(34, N'Product SWNJY', 16, 1, 14.00, 0);
INSERT INTO Products(productid, productname, supplierid, categoryid, unitprice, discontinued)
  VALUES(35, N'Product NEVTJ', 16, 1, 18.00, 0);
INSERT INTO Products(productid, productname, supplierid, categoryid, unitprice, discontinued)
  VALUES(36, N'Product GMKIJ', 17, 8, 19.00, 0);
INSERT INTO Products(productid, productname, supplierid, categoryid, unitprice, discontinued)
  VALUES(37, N'Product EVFFA', 17, 8, 26.00, 0);
INSERT INTO Products(productid, productname, supplierid, categoryid, unitprice, discontinued)
  VALUES(38, N'Product QDOMO', 18, 1, 263.50, 0);
INSERT INTO Products(productid, productname, supplierid, categoryid, unitprice, discontinued)
  VALUES(39, N'Product LSOFL', 18, 1, 18.00, 0);
INSERT INTO Products(productid, productname, supplierid, categoryid, unitprice, discontinued)
  VALUES(40, N'Product YZIXQ', 19, 8, 18.40, 0);
INSERT INTO Products(productid, productname, supplierid, categoryid, unitprice, discontinued)
  VALUES(41, N'Product TTEEX', 19, 8, 9.65, 0);
INSERT INTO Products(productid, productname, supplierid, categoryid, unitprice, discontinued)
  VALUES(42, N'Product RJVNM', 20, 5, 14.00, 1);
INSERT INTO Products(productid, productname, supplierid, categoryid, unitprice, discontinued)
  VALUES(43, N'Product ZZZHR', 20, 1, 46.00, 0);
INSERT INTO Products(productid, productname, supplierid, categoryid, unitprice, discontinued)
  VALUES(44, N'Product VJIEO', 20, 2, 19.45, 0);
INSERT INTO Products(productid, productname, supplierid, categoryid, unitprice, discontinued)
  VALUES(45, N'Product AQOKR', 21, 8, 9.50, 0);
INSERT INTO Products(productid, productname, supplierid, categoryid, unitprice, discontinued)
  VALUES(46, N'Product CBRRL', 21, 8, 12.00, 0);
INSERT INTO Products(productid, productname, supplierid, categoryid, unitprice, discontinued)
  VALUES(47, N'Product EZZPR', 22, 3, 9.50, 0);
INSERT INTO Products(productid, productname, supplierid, categoryid, unitprice, discontinued)
  VALUES(48, N'Product MYNXN', 22, 3, 12.75, 0);
INSERT INTO Products(productid, productname, supplierid, categoryid, unitprice, discontinued)
  VALUES(49, N'Product FPYPN', 23, 3, 20.00, 0);
INSERT INTO Products(productid, productname, supplierid, categoryid, unitprice, discontinued)
  VALUES(50, N'Product BIUDV', 23, 3, 16.25, 0);
INSERT INTO Products(productid, productname, supplierid, categoryid, unitprice, discontinued)
  VALUES(51, N'Product APITJ', 24, 7, 53.00, 0);
INSERT INTO Products(productid, productname, supplierid, categoryid, unitprice, discontinued)
  VALUES(52, N'Product QSRXF', 24, 5, 7.00, 0);
INSERT INTO Products(productid, productname, supplierid, categoryid, unitprice, discontinued)
  VALUES(53, N'Product BKGEA', 24, 6, 32.80, 1);
INSERT INTO Products(productid, productname, supplierid, categoryid, unitprice, discontinued)
  VALUES(54, N'Product QAQRL', 25, 6, 7.45, 0);
INSERT INTO Products(productid, productname, supplierid, categoryid, unitprice, discontinued)
  VALUES(55, N'Product YYWRT', 25, 6, 24.00, 0);
INSERT INTO Products(productid, productname, supplierid, categoryid, unitprice, discontinued)
  VALUES(56, N'Product VKCMF', 26, 5, 38.00, 0);
INSERT INTO Products(productid, productname, supplierid, categoryid, unitprice, discontinued)
  VALUES(57, N'Product OVLQI', 26, 5, 19.50, 0);
INSERT INTO Products(productid, productname, supplierid, categoryid, unitprice, discontinued)
  VALUES(58, N'Product ACRVI', 27, 8, 13.25, 0);
INSERT INTO Products(productid, productname, supplierid, categoryid, unitprice, discontinued)
  VALUES(59, N'Product UKXRI', 28, 4, 55.00, 0);
INSERT INTO Products(productid, productname, supplierid, categoryid, unitprice, discontinued)
  VALUES(60, N'Product WHBYK', 28, 4, 34.00, 0);
INSERT INTO Products(productid, productname, supplierid, categoryid, unitprice, discontinued)
  VALUES(61, N'Product XYZPE', 29, 2, 28.50, 0);
INSERT INTO Products(productid, productname, supplierid, categoryid, unitprice, discontinued)
  VALUES(62, N'Product WUXYK', 29, 3, 49.30, 0);
INSERT INTO Products(productid, productname, supplierid, categoryid, unitprice, discontinued)
  VALUES(63, N'Product ICKNK', 7, 2, 43.90, 0);
INSERT INTO Products(productid, productname, supplierid, categoryid, unitprice, discontinued)
  VALUES(64, N'Product HCQDE', 12, 5, 33.25, 0);
INSERT INTO Products(productid, productname, supplierid, categoryid, unitprice, discontinued)
  VALUES(65, N'Product XYWBZ', 2, 2, 21.05, 0);
INSERT INTO Products(productid, productname, supplierid, categoryid, unitprice, discontinued)
  VALUES(66, N'Product LQMGN', 2, 2, 17.00, 0);
INSERT INTO Products(productid, productname, supplierid, categoryid, unitprice, discontinued)
  VALUES(67, N'Product XLXQF', 16, 1, 14.00, 0);
INSERT INTO Products(productid, productname, supplierid, categoryid, unitprice, discontinued)
  VALUES(68, N'Product TBTBL', 8, 3, 12.50, 0);
INSERT INTO Products(productid, productname, supplierid, categoryid, unitprice, discontinued)
  VALUES(69, N'Product COAXA', 15, 4, 36.00, 0);
INSERT INTO Products(productid, productname, supplierid, categoryid, unitprice, discontinued)
  VALUES(70, N'Product TOONT', 7, 1, 15.00, 0);
INSERT INTO Products(productid, productname, supplierid, categoryid, unitprice, discontinued)
  VALUES(71, N'Product MYMOI', 15, 4, 21.50, 0);
INSERT INTO Products(productid, productname, supplierid, categoryid, unitprice, discontinued)
  VALUES(72, N'Product GEEOO', 14, 4, 34.80, 0);
INSERT INTO Products(productid, productname, supplierid, categoryid, unitprice, discontinued)
  VALUES(73, N'Product WEUJZ', 17, 8, 15.00, 0);
INSERT INTO Products(productid, productname, supplierid, categoryid, unitprice, discontinued)
  VALUES(74, N'Product BKAZJ', 4, 7, 10.00, 0);
INSERT INTO Products(productid, productname, supplierid, categoryid, unitprice, discontinued)
  VALUES(75, N'Product BWRLG', 12, 1, 7.75, 0);
INSERT INTO Products(productid, productname, supplierid, categoryid, unitprice, discontinued)
  VALUES(76, N'Product JYGFE', 23, 1, 18.00, 0);
INSERT INTO Products(productid, productname, supplierid, categoryid, unitprice, discontinued)
  VALUES(77, N'Product LUNZZ', 12, 2, 13.00, 0);
